<!--  Version 8 MySQL hiberante-cfg.xml example for Hibernate 5  -->

<hibernate-configuration>
<session-factory>
<property name="connection.driver_class">com.mysql.cj.jdbc.Driver</property>
<property name="connection.url">jdbc:mysql://localhost:3306/music_management</property>
<property name="dialect">org.hibernate.dialect.MySQL8Dialect</property>
<property name="connection.username">root</property>
<property name="connection.password">root</property>
<property name="show_sql">true</property>
<property name="format_sql">true</property>
<property name="hbm2ddl.auto">update</property>
</session-factory>
</hibernate-configuration>